{
  "central": 77.89819222540227,
  "west": 162.62144249438643,
  "north": 157.85859905653936,
  "south": 146.07550060900004,
  "east": 162.8078591410927
}